model,cfg,margin_lo,margin_hi,n,flip_rate
protectai,awq_w4pc_s0,0.0,0.1,26,0.34615384615384615
protectai,awq_w4pc_s0,0.1,0.3,35,0.45714285714285713
protectai,awq_w4pc_s0,0.3,0.45,57,0.38596491228070173
protectai,awq_w4pc_s0,0.45,0.51,2637,0.013651877133105802
protectai,bf16,0.0,0.1,26,0.15384615384615385
protectai,bf16,0.1,0.3,35,0.0
protectai,bf16,0.3,0.45,57,0.0
protectai,bf16,0.45,0.51,2637,0.0
protectai,fp32_x86,0.0,0.1,26,0.0
protectai,fp32_x86,0.1,0.3,35,0.0
protectai,fp32_x86,0.3,0.45,57,0.0
protectai,fp32_x86,0.45,0.51,2637,0.0
protectai,gptq_w4g128_s0,0.0,0.1,26,0.38461538461538464
protectai,gptq_w4g128_s0,0.1,0.3,35,0.2571428571428571
protectai,gptq_w4g128_s0,0.3,0.45,57,0.14035087719298245
protectai,gptq_w4g128_s0,0.45,0.51,2637,0.0034129692832764505
protectai,gptq_w4pc_s0,0.0,0.1,26,0.6153846153846154
protectai,gptq_w4pc_s0,0.1,0.3,35,0.42857142857142855
protectai,gptq_w4pc_s0,0.3,0.45,57,0.543859649122807
protectai,gptq_w4pc_s0,0.45,0.51,2637,0.0826697004171407
protectai,gptq_w4pc_s1,0.0,0.1,26,0.5769230769230769
protectai,gptq_w4pc_s1,0.1,0.3,35,0.4857142857142857
protectai,gptq_w4pc_s1,0.3,0.45,57,0.5087719298245614
protectai,gptq_w4pc_s1,0.45,0.51,2637,0.07091391733029959
protectai,gptq_w4pc_s2,0.0,0.1,26,0.6538461538461539
protectai,gptq_w4pc_s2,0.1,0.3,35,0.5714285714285714
protectai,gptq_w4pc_s2,0.3,0.45,57,0.5614035087719298
protectai,gptq_w4pc_s2,0.45,0.51,2637,0.06788016685627607
protectai,int8dyn,0.0,0.1,26,0.5384615384615384
protectai,int8dyn,0.1,0.3,35,0.5428571428571428
protectai,int8dyn,0.3,0.45,57,0.5263157894736842
protectai,int8dyn,0.45,0.51,2637,0.2901023890784983
protectai,int8dyn_x86,0.0,0.1,26,0.46153846153846156
protectai,int8dyn_x86,0.1,0.3,35,0.5428571428571428
protectai,int8dyn_x86,0.3,0.45,57,0.5263157894736842
protectai,int8dyn_x86,0.45,0.51,2637,0.28744785741372775
protectai,int8dynpc,0.0,0.1,26,0.5384615384615384
protectai,int8dynpc,0.1,0.3,35,0.7142857142857143
protectai,int8dynpc,0.3,0.45,57,0.5087719298245614
protectai,int8dynpc,0.45,0.51,2637,0.12021236253318164
protectai,int8onnx,0.0,0.1,26,0.5384615384615384
protectai,int8onnx,0.1,0.3,35,0.5142857142857142
protectai,int8onnx,0.3,0.45,57,0.49122807017543857
protectai,int8onnx,0.45,0.51,2637,0.37618505877891545
protectai,int8onnxpc,0.0,0.1,26,0.5384615384615384
protectai,int8onnxpc,0.1,0.3,35,0.5428571428571428
protectai,int8onnxpc,0.3,0.45,57,0.5087719298245614
protectai,int8onnxpc,0.45,0.51,2637,0.11755783086841107
protectai,w4g128,0.0,0.1,26,0.46153846153846156
protectai,w4g128,0.1,0.3,35,0.34285714285714286
protectai,w4g128,0.3,0.45,57,0.15789473684210525
protectai,w4g128,0.45,0.51,2637,0.0034129692832764505
protectai,w4pc,0.0,0.1,26,0.5
protectai,w4pc,0.1,0.3,35,0.4
protectai,w4pc,0.3,0.45,57,0.40350877192982454
protectai,w4pc,0.45,0.51,2637,0.021994690936670457
protectai,w8a8,0.0,0.1,26,0.2692307692307692
protectai,w8a8,0.1,0.3,35,0.5142857142857142
protectai,w8a8,0.3,0.45,57,0.2631578947368421
protectai,w8a8,0.45,0.51,2637,0.0034129692832764505
protectai,w8a8pt,0.0,0.1,26,0.46153846153846156
protectai,w8a8pt,0.1,0.3,35,0.5714285714285714
protectai,w8a8pt,0.3,0.45,57,0.5263157894736842
protectai,w8a8pt,0.45,0.51,2637,0.2961698900265453
piguard,bf16,0.0,0.1,103,0.038834951456310676
piguard,bf16,0.1,0.3,344,0.0
piguard,bf16,0.3,0.45,525,0.0
piguard,bf16,0.45,0.51,1783,0.0
piguard,gptq_w4pc_s0,0.0,0.1,103,0.5728155339805825
piguard,gptq_w4pc_s0,0.1,0.3,344,0.3953488372093023
piguard,gptq_w4pc_s0,0.3,0.45,525,0.2857142857142857
piguard,gptq_w4pc_s0,0.45,0.51,1783,0.05776780706674145
piguard,gptq_w4pc_s1,0.0,0.1,103,0.5922330097087378
piguard,gptq_w4pc_s1,0.1,0.3,344,0.38372093023255816
piguard,gptq_w4pc_s1,0.3,0.45,525,0.259047619047619
piguard,gptq_w4pc_s1,0.45,0.51,1783,0.06618059450364554
piguard,gptq_w4pc_s2,0.0,0.1,103,0.5825242718446602
piguard,gptq_w4pc_s2,0.1,0.3,344,0.3488372093023256
piguard,gptq_w4pc_s2,0.3,0.45,525,0.21904761904761905
piguard,gptq_w4pc_s2,0.45,0.51,1783,0.06001121704991587
piguard,int8dyn,0.0,0.1,103,0.5922330097087378
piguard,int8dyn,0.1,0.3,344,0.40406976744186046
piguard,int8dyn,0.3,0.45,525,0.30857142857142855
piguard,int8dyn,0.45,0.51,1783,0.2843522153673584
piguard,int8onnx,0.0,0.1,103,0.5922330097087378
piguard,int8onnx,0.1,0.3,344,0.40406976744186046
piguard,int8onnx,0.3,0.45,525,0.30857142857142855
piguard,int8onnx,0.45,0.51,1783,0.2843522153673584
piguard,w4g128,0.0,0.1,103,0.32038834951456313
piguard,w4g128,0.1,0.3,344,0.08430232558139535
piguard,w4g128,0.3,0.45,525,0.007619047619047619
piguard,w4g128,0.45,0.51,1783,0.0
piguard,w4pc,0.0,0.1,103,0.39805825242718446
piguard,w4pc,0.1,0.3,344,0.13662790697674418
piguard,w4pc,0.3,0.45,525,0.06666666666666667
piguard,w4pc,0.45,0.51,1783,0.01962983735277622
piguard,w8a8,0.0,0.1,103,0.3883495145631068
piguard,w8a8,0.1,0.3,344,0.11046511627906977
piguard,w8a8,0.3,0.45,525,0.009523809523809525
piguard,w8a8,0.45,0.51,1783,0.0005608524957936063
piguard,w8a8pt,0.0,0.1,103,0.5922330097087378
piguard,w8a8pt,0.1,0.3,344,0.40406976744186046
piguard,w8a8pt,0.3,0.45,525,0.30857142857142855
piguard,w8a8pt,0.45,0.51,1783,0.2843522153673584
deepset,gptq_w4pc_s0,0.0,0.1,4,0.5
deepset,gptq_w4pc_s0,0.1,0.3,31,0.3225806451612903
deepset,gptq_w4pc_s0,0.3,0.45,27,0.37037037037037035
deepset,gptq_w4pc_s0,0.45,0.51,2693,0.046416635722242854
deepset,gptq_w4pc_s1,0.0,0.1,4,0.5
deepset,gptq_w4pc_s1,0.1,0.3,31,0.45161290322580644
deepset,gptq_w4pc_s1,0.3,0.45,27,0.3333333333333333
deepset,gptq_w4pc_s1,0.45,0.51,2693,0.01968065354623097
deepset,gptq_w4pc_s2,0.0,0.1,4,0.5
deepset,gptq_w4pc_s2,0.1,0.3,31,0.45161290322580644
deepset,gptq_w4pc_s2,0.3,0.45,27,0.3333333333333333
deepset,gptq_w4pc_s2,0.45,0.51,2693,0.027107315261789826
deepset,int8dyn,0.0,0.1,4,0.5
deepset,int8dyn,0.1,0.3,31,0.3870967741935484
deepset,int8dyn,0.3,0.45,27,0.37037037037037035
deepset,int8dyn,0.45,0.51,2693,0.09468993687337542
deepset,int8onnx,0.0,0.1,4,0.5
deepset,int8onnx,0.1,0.3,31,0.3870967741935484
deepset,int8onnx,0.3,0.45,27,0.37037037037037035
deepset,int8onnx,0.45,0.51,2693,0.09691793538804308
deepset,w4g128,0.0,0.1,4,0.5
deepset,w4g128,0.1,0.3,31,0.3870967741935484
deepset,w4g128,0.3,0.45,27,0.37037037037037035
deepset,w4g128,0.45,0.51,2693,0.004827330115113257
deepset,w4pc,0.0,0.1,4,0.5
deepset,w4pc,0.1,0.3,31,0.5161290322580645
deepset,w4pc,0.3,0.45,27,0.3333333333333333
deepset,w4pc,0.45,0.51,2693,0.0103973264017824
deepset,w8a8,0.0,0.1,4,0.5
deepset,w8a8,0.1,0.3,31,0.3870967741935484
deepset,w8a8,0.3,0.45,27,0.37037037037037035
deepset,w8a8,0.45,0.51,2693,0.011511325659116228
deepset,w8a8pt,0.0,0.1,4,0.5
deepset,w8a8pt,0.1,0.3,31,0.3870967741935484
deepset,w8a8pt,0.3,0.45,27,0.37037037037037035
deepset,w8a8pt,0.45,0.51,2693,0.0980319346453769
fmops,awq_w4pc_s0,0.0,0.1,15,0.4666666666666667
fmops,awq_w4pc_s0,0.1,0.3,21,0.47619047619047616
fmops,awq_w4pc_s0,0.3,0.45,44,0.045454545454545456
fmops,awq_w4pc_s0,0.45,0.51,2675,0.0
fmops,fp32_x86,0.0,0.1,15,0.0
fmops,fp32_x86,0.1,0.3,21,0.0
fmops,fp32_x86,0.3,0.45,44,0.0
fmops,fp32_x86,0.45,0.51,2675,0.0
fmops,gptq_w4pc_s0,0.0,0.1,15,0.5333333333333333
fmops,gptq_w4pc_s0,0.1,0.3,21,0.19047619047619047
fmops,gptq_w4pc_s0,0.3,0.45,44,0.06818181818181818
fmops,gptq_w4pc_s0,0.45,0.51,2675,0.0
fmops,gptq_w4pc_s1,0.0,0.1,15,0.4666666666666667
fmops,gptq_w4pc_s1,0.1,0.3,21,0.5238095238095238
fmops,gptq_w4pc_s1,0.3,0.45,44,0.13636363636363635
fmops,gptq_w4pc_s1,0.45,0.51,2675,0.00037383177570093456
fmops,gptq_w4pc_s2,0.0,0.1,15,0.4666666666666667
fmops,gptq_w4pc_s2,0.1,0.3,21,0.23809523809523808
fmops,gptq_w4pc_s2,0.3,0.45,44,0.022727272727272728
fmops,gptq_w4pc_s2,0.45,0.51,2675,0.0
fmops,int8dyn,0.0,0.1,15,0.3333333333333333
fmops,int8dyn,0.1,0.3,21,0.38095238095238093
fmops,int8dyn,0.3,0.45,44,0.20454545454545456
fmops,int8dyn,0.45,0.51,2675,0.004485981308411215
fmops,int8dyn_x86,0.0,0.1,15,0.4
fmops,int8dyn_x86,0.1,0.3,21,0.2857142857142857
fmops,int8dyn_x86,0.3,0.45,44,0.2727272727272727
fmops,int8dyn_x86,0.45,0.51,2675,0.00485981308411215
fmops,int8onnx,0.0,0.1,15,0.4
fmops,int8onnx,0.1,0.3,21,0.23809523809523808
fmops,int8onnx,0.3,0.45,44,0.09090909090909091
fmops,int8onnx,0.45,0.51,2675,0.0
fmops,w4g128,0.0,0.1,15,0.4
fmops,w4g128,0.1,0.3,21,0.47619047619047616
fmops,w4g128,0.3,0.45,44,0.11363636363636363
fmops,w4g128,0.45,0.51,2675,0.0
fmops,w4pc,0.0,0.1,15,0.5333333333333333
fmops,w4pc,0.1,0.3,21,0.47619047619047616
fmops,w4pc,0.3,0.45,44,0.09090909090909091
fmops,w4pc,0.45,0.51,2675,0.0
fmops,w8a8,0.0,0.1,15,0.13333333333333333
fmops,w8a8,0.1,0.3,21,0.38095238095238093
fmops,w8a8,0.3,0.45,44,0.0
fmops,w8a8,0.45,0.51,2675,0.0
fmops,w8a8pt,0.0,0.1,15,0.4
fmops,w8a8pt,0.1,0.3,21,0.3333333333333333
fmops,w8a8pt,0.3,0.45,44,0.29545454545454547
fmops,w8a8pt,0.45,0.51,2675,0.009345794392523364
