model,native,sim,decision_agree,flip_native,flip_sim,flipset_jaccard,flip_overlap,flip_native_n,flip_sim_n,score_corr,mean_abs_score_diff,max_abs_score_diff
protectai,int8dyn,w8a8,0.6969147005444646,0.3005444646098004,0.017785843920145192,0.02453271028037383,21.0,828.0,49.0,0.12479340541097854,0.3709869086742401,
protectai,int8dyn,w8a8pt,0.9401088929219601,0.3005444646098004,0.305989110707804,0.8202614379084967,753.0,828.0,843.0,0.9844950696588275,0.04773186892271042,
protectai,int8onnx,w8a8,0.6076225045372051,0.3818511796733212,0.017785843920145192,0.00916590284142988,10.0,1052.0,49.0,0.10677536627028637,0.40717804431915283,
protectai,int8onnx,w8a8pt,0.8624319419237749,0.3818511796733212,0.305989110707804,0.6666666666666666,758.0,1052.0,843.0,0.9682825967690897,0.10529966652393341,
protectai,int8dynpc,w8a8,0.8577132486388385,0.1397459165154265,0.017785843920145192,0.05084745762711865,21.0,385.0,49.0,0.1363175508684113,0.14903423190116882,
protectai,int8dynpc,w8a8pt,0.7379310344827587,0.1397459165154265,0.305989110707804,0.2594871794871795,253.0,385.0,843.0,0.47472050885321637,0.30978038907051086,
protectai,int8onnxpc,w8a8,0.8588021778584392,0.13502722323049002,0.017785843920145192,0.03950617283950617,16.0,372.0,49.0,0.09805195242513685,0.1382790505886078,
protectai,int8onnxpc,w8a8pt,0.7441016333938294,0.13502722323049002,0.305989110707804,0.265625,255.0,372.0,843.0,0.4607672703960664,0.3172650933265686,
protectai,onnxfp32,fp32,1.0,,,,,,,,1.1791085796630796e-07,1.9758939743041992e-05
piguard,int8dyn,w8a8,0.6591651542649728,0.31542649727767696,0.030490018148820328,0.007399577167019027,7.0,869.0,84.0,0.18438995984955756,0.3280258774757385,
piguard,int8dyn,w8a8pt,1.0,0.31542649727767696,0.31542649727767696,1.0,869.0,869.0,869.0,0.9962451785926514,0.02705732174217701,
piguard,int8onnx,w8a8,0.6591651542649728,0.31542649727767696,0.030490018148820328,0.007399577167019027,7.0,869.0,84.0,0.18310185580802424,0.32363295555114746,
piguard,int8onnx,w8a8pt,1.0,0.31542649727767696,0.31542649727767696,1.0,869.0,869.0,869.0,0.9950143863871929,0.03963976725935936,
piguard,onnxfp32,fp32,1.0,,,,,,,,1.3780054075596126e-07,4.559755325317383e-06
deepset,int8dyn,w8a8,0.9186932849364792,0.10127041742286752,0.019963702359346643,0.1971326164874552,55.0,279.0,55.0,0.4371879372374097,0.30646440386772156,
deepset,int8dyn,w8a8pt,0.9887477313974592,0.10127041742286752,0.10453720508166969,0.8963210702341137,268.0,279.0,288.0,0.9925152175679406,0.02435959316790104,
deepset,int8onnx,w8a8,0.9165154264972777,0.10344827586206896,0.019963702359346643,0.19298245614035087,55.0,285.0,55.0,0.42733300673155944,0.3077910542488098,
deepset,int8onnx,w8a8pt,0.9938294010889293,0.10344827586206896,0.10453720508166969,0.9423728813559322,278.0,285.0,288.0,0.9862288449885236,0.03309286758303642,
deepset,onnxfp32,fp32,1.0,,,,,,,,4.2902552621626455e-08,8.672475814819336e-06
fmops,int8dyn,w8a8,0.9891107078039928,0.012341197822141561,0.003629764065335753,0.1891891891891892,7.0,34.0,10.0,0.45417628044151326,0.014492888934910297,
fmops,int8dyn,w8a8pt,0.9807622504537206,0.012341197822141561,0.018511796733212342,0.2318840579710145,16.0,34.0,51.0,0.5133484817139646,0.02017206698656082,
fmops,int8onnx,w8a8,0.9916515426497278,0.0054446460980036296,0.003629764065335753,0.041666666666666664,1.0,15.0,10.0,0.23750570437360974,0.007447890937328339,
fmops,int8onnx,w8a8pt,0.9796733212341198,0.0054446460980036296,0.018511796733212342,0.08196721311475409,5.0,15.0,51.0,0.23563250422320822,0.02276424877345562,
fmops,onnxfp32,fp32,1.0,,,,,,,,4.610907566870992e-08,5.841255187988281e-06
