model,cfg,src,n,flip_rate
protectai,awq_w4pc_s0,deepset,116,0.02586206896551724
protectai,awq_w4pc_s0,evade_homoglyph,300,0.03
protectai,awq_w4pc_s0,evade_leet,300,0.04666666666666667
protectai,awq_w4pc_s0,evade_zerowidth,300,0.0
protectai,awq_w4pc_s0,jailbreak_cls,400,0.0125
protectai,awq_w4pc_s0,notinject,339,0.058997050147492625
protectai,awq_w4pc_s0,safeguard,1000,0.032
protectai,bf16,deepset,116,0.0
protectai,bf16,evade_homoglyph,300,0.0033333333333333335
protectai,bf16,evade_leet,300,0.0033333333333333335
protectai,bf16,evade_zerowidth,300,0.0
protectai,bf16,jailbreak_cls,400,0.0
protectai,bf16,notinject,339,0.0029498525073746312
protectai,bf16,safeguard,1000,0.001
protectai,fp32_x86,deepset,116,0.0
protectai,fp32_x86,evade_homoglyph,300,0.0
protectai,fp32_x86,evade_leet,300,0.0
protectai,fp32_x86,evade_zerowidth,300,0.0
protectai,fp32_x86,jailbreak_cls,400,0.0
protectai,fp32_x86,notinject,339,0.0
protectai,fp32_x86,safeguard,1000,0.0
protectai,gptq_w4g128_s0,deepset,116,0.02586206896551724
protectai,gptq_w4g128_s0,evade_homoglyph,300,0.006666666666666667
protectai,gptq_w4g128_s0,evade_leet,300,0.023333333333333334
protectai,gptq_w4g128_s0,evade_zerowidth,300,0.0
protectai,gptq_w4g128_s0,jailbreak_cls,400,0.01
protectai,gptq_w4g128_s0,notinject,339,0.029498525073746312
protectai,gptq_w4g128_s0,safeguard,1000,0.01
protectai,gptq_w4pc_s0,deepset,116,0.07758620689655173
protectai,gptq_w4pc_s0,evade_homoglyph,300,0.16
protectai,gptq_w4pc_s0,evade_leet,300,0.08333333333333333
protectai,gptq_w4pc_s0,evade_zerowidth,300,0.0
protectai,gptq_w4pc_s0,jailbreak_cls,400,0.0825
protectai,gptq_w4pc_s0,notinject,339,0.20058997050147492
protectai,gptq_w4pc_s0,safeguard,1000,0.097
protectai,gptq_w4pc_s1,deepset,116,0.0603448275862069
protectai,gptq_w4pc_s1,evade_homoglyph,300,0.12333333333333334
protectai,gptq_w4pc_s1,evade_leet,300,0.1
protectai,gptq_w4pc_s1,evade_zerowidth,300,0.0
protectai,gptq_w4pc_s1,jailbreak_cls,400,0.0525
protectai,gptq_w4pc_s1,notinject,339,0.18584070796460178
protectai,gptq_w4pc_s1,safeguard,1000,0.09
protectai,gptq_w4pc_s2,deepset,116,0.05172413793103448
protectai,gptq_w4pc_s2,evade_homoglyph,300,0.13
protectai,gptq_w4pc_s2,evade_leet,300,0.09333333333333334
protectai,gptq_w4pc_s2,evade_zerowidth,300,0.0
protectai,gptq_w4pc_s2,jailbreak_cls,400,0.06
protectai,gptq_w4pc_s2,notinject,339,0.18584070796460178
protectai,gptq_w4pc_s2,safeguard,1000,0.088
protectai,int8dyn,deepset,116,0.23275862068965517
protectai,int8dyn,evade_homoglyph,300,0.33
protectai,int8dyn,evade_leet,300,0.12333333333333334
protectai,int8dyn,evade_zerowidth,300,0.043333333333333335
protectai,int8dyn,jailbreak_cls,400,0.2425
protectai,int8dyn,notinject,339,0.36578171091445427
protectai,int8dyn,safeguard,1000,0.431
protectai,int8dyn_x86,deepset,116,0.22413793103448276
protectai,int8dyn_x86,evade_homoglyph,300,0.32
protectai,int8dyn_x86,evade_leet,300,0.12
protectai,int8dyn_x86,evade_zerowidth,300,0.043333333333333335
protectai,int8dyn_x86,jailbreak_cls,400,0.2425
protectai,int8dyn_x86,notinject,339,0.36578171091445427
protectai,int8dyn_x86,safeguard,1000,0.427
protectai,int8dynpc,deepset,116,0.11206896551724138
protectai,int8dynpc,evade_homoglyph,300,0.27666666666666667
protectai,int8dynpc,evade_leet,300,0.1
protectai,int8dynpc,evade_zerowidth,300,0.01
protectai,int8dynpc,jailbreak_cls,400,0.1
protectai,int8dynpc,notinject,339,0.23303834808259588
protectai,int8dynpc,safeguard,1000,0.137
protectai,int8onnx,deepset,116,0.21551724137931033
protectai,int8onnx,evade_homoglyph,300,0.7666666666666667
protectai,int8onnx,evade_leet,300,0.5233333333333333
protectai,int8onnx,evade_zerowidth,300,0.0033333333333333335
protectai,int8onnx,jailbreak_cls,400,0.21
protectai,int8onnx,notinject,339,0.40412979351032446
protectai,int8onnx,safeguard,1000,0.418
protectai,int8onnxpc,deepset,116,0.10344827586206896
protectai,int8onnxpc,evade_homoglyph,300,0.36
protectai,int8onnxpc,evade_leet,300,0.15666666666666668
protectai,int8onnxpc,evade_zerowidth,300,0.0
protectai,int8onnxpc,jailbreak_cls,400,0.045
protectai,int8onnxpc,notinject,339,0.22418879056047197
protectai,int8onnxpc,safeguard,1000,0.111
protectai,w4g128,deepset,116,0.017241379310344827
protectai,w4g128,evade_homoglyph,300,0.01
protectai,w4g128,evade_leet,300,0.03333333333333333
protectai,w4g128,evade_zerowidth,300,0.0
protectai,w4g128,jailbreak_cls,400,0.0075
protectai,w4g128,notinject,339,0.032448377581120944
protectai,w4g128,safeguard,1000,0.013
protectai,w4pc,deepset,116,0.034482758620689655
protectai,w4pc,evade_homoglyph,300,0.07333333333333333
protectai,w4pc,evade_leet,300,0.07
protectai,w4pc,evade_zerowidth,300,0.0
protectai,w4pc,jailbreak_cls,400,0.015
protectai,w4pc,notinject,339,0.0855457227138643
protectai,w4pc,safeguard,1000,0.026
protectai,w8a8,deepset,116,0.017241379310344827
protectai,w8a8,evade_homoglyph,300,0.02666666666666667
protectai,w8a8,evade_leet,300,0.04
protectai,w8a8,evade_zerowidth,300,0.0
protectai,w8a8,jailbreak_cls,400,0.0125
protectai,w8a8,notinject,339,0.02654867256637168
protectai,w8a8,safeguard,1000,0.013
protectai,w8a8pt,deepset,116,0.22413793103448276
protectai,w8a8pt,evade_homoglyph,300,0.3933333333333333
protectai,w8a8pt,evade_leet,300,0.13
protectai,w8a8pt,evade_zerowidth,300,0.04666666666666667
protectai,w8a8pt,jailbreak_cls,400,0.25
protectai,w8a8pt,notinject,339,0.3775811209439528
protectai,w8a8pt,safeguard,1000,0.418
piguard,bf16,deepset,116,0.0
piguard,bf16,evade_homoglyph,300,0.0
piguard,bf16,evade_leet,300,0.01
piguard,bf16,evade_zerowidth,300,0.0
piguard,bf16,jailbreak_cls,400,0.0
piguard,bf16,notinject,339,0.0
piguard,bf16,safeguard,1000,0.001
piguard,gptq_w4pc_s0,deepset,116,0.15517241379310345
piguard,gptq_w4pc_s0,evade_homoglyph,300,0.17333333333333334
piguard,gptq_w4pc_s0,evade_leet,300,0.7866666666666666
piguard,gptq_w4pc_s0,evade_zerowidth,300,0.0033333333333333335
piguard,gptq_w4pc_s0,jailbreak_cls,400,0.05
piguard,gptq_w4pc_s0,notinject,339,0.05014749262536873
piguard,gptq_w4pc_s0,safeguard,1000,0.104
piguard,gptq_w4pc_s1,deepset,116,0.1896551724137931
piguard,gptq_w4pc_s1,evade_homoglyph,300,0.18
piguard,gptq_w4pc_s1,evade_leet,300,0.6866666666666666
piguard,gptq_w4pc_s1,evade_zerowidth,300,0.0033333333333333335
piguard,gptq_w4pc_s1,jailbreak_cls,400,0.0475
piguard,gptq_w4pc_s1,notinject,339,0.061946902654867256
piguard,gptq_w4pc_s1,safeguard,1000,0.124
piguard,gptq_w4pc_s2,deepset,116,0.21551724137931033
piguard,gptq_w4pc_s2,evade_homoglyph,300,0.12666666666666668
piguard,gptq_w4pc_s2,evade_leet,300,0.6133333333333333
piguard,gptq_w4pc_s2,evade_zerowidth,300,0.0033333333333333335
piguard,gptq_w4pc_s2,jailbreak_cls,400,0.0575
piguard,gptq_w4pc_s2,notinject,339,0.05014749262536873
piguard,gptq_w4pc_s2,safeguard,1000,0.114
piguard,int8dyn,deepset,116,0.3448275862068966
piguard,int8dyn,evade_homoglyph,300,0.18
piguard,int8dyn,evade_leet,300,0.84
piguard,int8dyn,evade_zerowidth,300,0.0033333333333333335
piguard,int8dyn,jailbreak_cls,400,0.3575
piguard,int8dyn,notinject,339,0.11504424778761062
piguard,int8dyn,safeguard,1000,0.34
piguard,int8onnx,deepset,116,0.3448275862068966
piguard,int8onnx,evade_homoglyph,300,0.18
piguard,int8onnx,evade_leet,300,0.84
piguard,int8onnx,evade_zerowidth,300,0.0033333333333333335
piguard,int8onnx,jailbreak_cls,400,0.3575
piguard,int8onnx,notinject,339,0.11504424778761062
piguard,int8onnx,safeguard,1000,0.34
piguard,w4g128,deepset,116,0.017241379310344827
piguard,w4g128,evade_homoglyph,300,0.05
piguard,w4g128,evade_leet,300,0.04
piguard,w4g128,evade_zerowidth,300,0.0033333333333333335
piguard,w4g128,jailbreak_cls,400,0.0025
piguard,w4g128,notinject,339,0.0029498525073746312
piguard,w4g128,safeguard,1000,0.034
piguard,w4pc,deepset,116,0.07758620689655173
piguard,w4pc,evade_homoglyph,300,0.10333333333333333
piguard,w4pc,evade_leet,300,0.09666666666666666
piguard,w4pc,evade_zerowidth,300,0.0033333333333333335
piguard,w4pc,jailbreak_cls,400,0.03
piguard,w4pc,notinject,339,0.07669616519174041
piguard,w4pc,safeguard,1000,0.05
piguard,w8a8,deepset,116,0.017241379310344827
piguard,w8a8,evade_homoglyph,300,0.06333333333333334
piguard,w8a8,evade_leet,300,0.07
piguard,w8a8,evade_zerowidth,300,0.006666666666666667
piguard,w8a8,jailbreak_cls,400,0.0075
piguard,w8a8,notinject,339,0.02359882005899705
piguard,w8a8,safeguard,1000,0.029
piguard,w8a8pt,deepset,116,0.3448275862068966
piguard,w8a8pt,evade_homoglyph,300,0.18
piguard,w8a8pt,evade_leet,300,0.84
piguard,w8a8pt,evade_zerowidth,300,0.0033333333333333335
piguard,w8a8pt,jailbreak_cls,400,0.3575
piguard,w8a8pt,notinject,339,0.11504424778761062
piguard,w8a8pt,safeguard,1000,0.34
deepset,gptq_w4pc_s0,deepset,116,0.008620689655172414
deepset,gptq_w4pc_s0,evade_homoglyph,300,0.28
deepset,gptq_w4pc_s0,evade_leet,300,0.0
deepset,gptq_w4pc_s0,evade_zerowidth,300,0.0033333333333333335
deepset,gptq_w4pc_s0,jailbreak_cls,400,0.015
deepset,gptq_w4pc_s0,notinject,339,0.10619469026548672
deepset,gptq_w4pc_s0,safeguard,1000,0.019
deepset,gptq_w4pc_s1,deepset,116,0.008620689655172414
deepset,gptq_w4pc_s1,evade_homoglyph,300,0.023333333333333334
deepset,gptq_w4pc_s1,evade_leet,300,0.0
deepset,gptq_w4pc_s1,evade_zerowidth,300,0.0
deepset,gptq_w4pc_s1,jailbreak_cls,400,0.0275
deepset,gptq_w4pc_s1,notinject,339,0.12684365781710916
deepset,gptq_w4pc_s1,safeguard,1000,0.016
deepset,gptq_w4pc_s2,deepset,116,0.02586206896551724
deepset,gptq_w4pc_s2,evade_homoglyph,300,0.0
deepset,gptq_w4pc_s2,evade_leet,300,0.0
deepset,gptq_w4pc_s2,evade_zerowidth,300,0.11333333333333333
deepset,gptq_w4pc_s2,jailbreak_cls,400,0.0275
deepset,gptq_w4pc_s2,notinject,339,0.09734513274336283
deepset,gptq_w4pc_s2,safeguard,1000,0.017
deepset,int8dyn,deepset,116,0.4224137931034483
deepset,int8dyn,evade_homoglyph,300,0.0033333333333333335
deepset,int8dyn,evade_leet,300,0.0
deepset,int8dyn,evade_zerowidth,300,0.0
deepset,int8dyn,jailbreak_cls,400,0.0375
deepset,int8dyn,notinject,339,0.31268436578171094
deepset,int8dyn,safeguard,1000,0.108
deepset,int8onnx,deepset,116,0.49137931034482757
deepset,int8onnx,evade_homoglyph,300,0.0033333333333333335
deepset,int8onnx,evade_leet,300,0.0
deepset,int8onnx,evade_zerowidth,300,0.0
deepset,int8onnx,jailbreak_cls,400,0.035
deepset,int8onnx,notinject,339,0.2861356932153392
deepset,int8onnx,safeguard,1000,0.116
deepset,w4g128,deepset,116,0.008620689655172414
deepset,w4g128,evade_homoglyph,300,0.0
deepset,w4g128,evade_leet,300,0.0
deepset,w4g128,evade_zerowidth,300,0.0
deepset,w4g128,jailbreak_cls,400,0.015
deepset,w4g128,notinject,339,0.061946902654867256
deepset,w4g128,safeguard,1000,0.009
deepset,w4pc,deepset,116,0.02586206896551724
deepset,w4pc,evade_homoglyph,300,0.0
deepset,w4pc,evade_leet,300,0.0
deepset,w4pc,evade_zerowidth,300,0.0
deepset,w4pc,jailbreak_cls,400,0.04
deepset,w4pc,notinject,339,0.06784660766961652
deepset,w4pc,safeguard,1000,0.013
deepset,w8a8,deepset,116,0.017241379310344827
deepset,w8a8,evade_homoglyph,300,0.0033333333333333335
deepset,w8a8,evade_leet,300,0.0
deepset,w8a8,evade_zerowidth,300,0.0
deepset,w8a8,jailbreak_cls,400,0.025
deepset,w8a8,notinject,339,0.09144542772861357
deepset,w8a8,safeguard,1000,0.011
deepset,w8a8pt,deepset,116,0.46551724137931033
deepset,w8a8pt,evade_homoglyph,300,0.0033333333333333335
deepset,w8a8pt,evade_leet,300,0.0
deepset,w8a8pt,evade_zerowidth,300,0.0
deepset,w8a8pt,jailbreak_cls,400,0.0375
deepset,w8a8pt,notinject,339,0.30678466076696165
deepset,w8a8pt,safeguard,1000,0.114
fmops,awq_w4pc_s0,deepset,116,0.017241379310344827
fmops,awq_w4pc_s0,evade_homoglyph,300,0.0
fmops,awq_w4pc_s0,evade_leet,300,0.0
fmops,awq_w4pc_s0,evade_zerowidth,300,0.0
fmops,awq_w4pc_s0,jailbreak_cls,400,0.0075
fmops,awq_w4pc_s0,notinject,339,0.02359882005899705
fmops,awq_w4pc_s0,safeguard,1000,0.006
fmops,fp32_x86,deepset,116,0.0
fmops,fp32_x86,evade_homoglyph,300,0.0
fmops,fp32_x86,evade_leet,300,0.0
fmops,fp32_x86,evade_zerowidth,300,0.0
fmops,fp32_x86,jailbreak_cls,400,0.0
fmops,fp32_x86,notinject,339,0.0
fmops,fp32_x86,safeguard,1000,0.0
fmops,gptq_w4pc_s0,deepset,116,0.008620689655172414
fmops,gptq_w4pc_s0,evade_homoglyph,300,0.0
fmops,gptq_w4pc_s0,evade_leet,300,0.0
fmops,gptq_w4pc_s0,evade_zerowidth,300,0.0033333333333333335
fmops,gptq_w4pc_s0,jailbreak_cls,400,0.0
fmops,gptq_w4pc_s0,notinject,339,0.02064896755162242
fmops,gptq_w4pc_s0,safeguard,1000,0.006
fmops,gptq_w4pc_s1,deepset,116,0.008620689655172414
fmops,gptq_w4pc_s1,evade_homoglyph,300,0.0
fmops,gptq_w4pc_s1,evade_leet,300,0.0
fmops,gptq_w4pc_s1,evade_zerowidth,300,0.0033333333333333335
fmops,gptq_w4pc_s1,jailbreak_cls,400,0.0025
fmops,gptq_w4pc_s1,notinject,339,0.04424778761061947
fmops,gptq_w4pc_s1,safeguard,1000,0.007
fmops,gptq_w4pc_s2,deepset,116,0.02586206896551724
fmops,gptq_w4pc_s2,evade_homoglyph,300,0.0
fmops,gptq_w4pc_s2,evade_leet,300,0.0
fmops,gptq_w4pc_s2,evade_zerowidth,300,0.0
fmops,gptq_w4pc_s2,jailbreak_cls,400,0.005
fmops,gptq_w4pc_s2,notinject,339,0.014749262536873156
fmops,gptq_w4pc_s2,safeguard,1000,0.003
fmops,int8dyn,deepset,116,0.017241379310344827
fmops,int8dyn,evade_homoglyph,300,0.0
fmops,int8dyn,evade_leet,300,0.0
fmops,int8dyn,evade_zerowidth,300,0.01
fmops,int8dyn,jailbreak_cls,400,0.01
fmops,int8dyn,notinject,339,0.038348082595870206
fmops,int8dyn,safeguard,1000,0.012
fmops,int8dyn_x86,deepset,116,0.017241379310344827
fmops,int8dyn_x86,evade_homoglyph,300,0.0
fmops,int8dyn_x86,evade_leet,300,0.0
fmops,int8dyn_x86,evade_zerowidth,300,0.01
fmops,int8dyn_x86,jailbreak_cls,400,0.01
fmops,int8dyn_x86,notinject,339,0.05014749262536873
fmops,int8dyn_x86,safeguard,1000,0.011
fmops,int8onnx,deepset,116,0.02586206896551724
fmops,int8onnx,evade_homoglyph,300,0.0
fmops,int8onnx,evade_leet,300,0.0
fmops,int8onnx,evade_zerowidth,300,0.0
fmops,int8onnx,jailbreak_cls,400,0.005
fmops,int8onnx,notinject,339,0.017699115044247787
fmops,int8onnx,safeguard,1000,0.004
fmops,w4g128,deepset,116,0.017241379310344827
fmops,w4g128,evade_homoglyph,300,0.0
fmops,w4g128,evade_leet,300,0.0
fmops,w4g128,evade_zerowidth,300,0.006666666666666667
fmops,w4g128,jailbreak_cls,400,0.0025
fmops,w4g128,notinject,339,0.017699115044247787
fmops,w4g128,safeguard,1000,0.01
fmops,w4pc,deepset,116,0.008620689655172414
fmops,w4pc,evade_homoglyph,300,0.0
fmops,w4pc,evade_leet,300,0.0
fmops,w4pc,evade_zerowidth,300,0.0
fmops,w4pc,jailbreak_cls,400,0.0075
fmops,w4pc,notinject,339,0.032448377581120944
fmops,w4pc,safeguard,1000,0.007
fmops,w8a8,deepset,116,0.0
fmops,w8a8,evade_homoglyph,300,0.0
fmops,w8a8,evade_leet,300,0.0
fmops,w8a8,evade_zerowidth,300,0.0033333333333333335
fmops,w8a8,jailbreak_cls,400,0.005
fmops,w8a8,notinject,339,0.008849557522123894
fmops,w8a8,safeguard,1000,0.004
fmops,w8a8pt,deepset,116,0.017241379310344827
fmops,w8a8pt,evade_homoglyph,300,0.0
fmops,w8a8pt,evade_leet,300,0.0033333333333333335
fmops,w8a8pt,evade_zerowidth,300,0.023333333333333334
fmops,w8a8pt,jailbreak_cls,400,0.02
fmops,w8a8pt,notinject,339,0.05014749262536873
fmops,w8a8pt,safeguard,1000,0.016
