model,cfg,flip05_mean,flip05_std,flipcal_mean,flipcal_std,tstar_mean,tstar_min,tstar_max
protectai,awq_w4pc_s0,0.028335384676763782,0.004175950588268129,0.02672485266554787,0.003898934996746512,0.331,0.24000000000000002,0.6950000000000001
protectai,bf16,0.0014530783934173868,0.00088655706792544,0.0014512693532458979,0.0007068925452258809,0.454,0.43,0.46
protectai,fp32_x86,0.0,0.0,0.0007238277217478541,0.0007236594905098276,0.4720000000000001,0.455,0.48500000000000004
protectai,gptq_w4g128_s0,0.01312252291983185,0.0015743084643402667,0.013420902767618917,0.0013342928311242852,0.508,0.48500000000000004,0.54
protectai,gptq_w4pc_s0,0.09810567633772263,0.0036358630192850953,0.04920009769630607,0.006202904786384766,0.011000000000000001,0.01,0.015
protectai,gptq_w4pc_s1,0.08565900924735056,0.005308788864841292,0.04756887730478933,0.0027365001209901023,0.01,0.01,0.01
protectai,gptq_w4pc_s2,0.08491367593092473,0.0034935122606466152,0.047091579547769276,0.005508063295361167,0.012,0.01,0.015
protectai,int8dyn,0.2968255882747942,0.009978163359538408,0.29121687703305843,0.010283899832346914,0.36400000000000005,0.265,0.42000000000000004
protectai,int8dyn_x86,0.29188619565514046,0.009857862080657717,0.27757684216828593,0.007835030280693819,0.376,0.37,0.38
protectai,int8dynpc,0.13483252202667273,0.006963500361988114,0.09104992002176382,0.0026056972500767086,0.013000000000000001,0.01,0.015
protectai,int8onnx,0.3791373988072799,0.014112961632654556,0.3067584913706101,0.007280990011249411,0.168,0.165,0.17500000000000002
protectai,int8onnxpc,0.13110172559539396,0.011489371137288554,0.07468277929056434,0.004832968061937538,0.01,0.01,0.01
protectai,w4g128,0.0151580657910159,0.001931631501083477,0.011223306645949864,0.00100820386378968,0.758,0.74,0.775
protectai,w4pc,0.03694698705452794,0.0022566641836551725,0.03648117200351543,0.0064756347915206815,0.053000000000000005,0.01,0.09999999999999999
protectai,w8a8,0.018686164388256883,0.0012848917301529561,0.011682371888635875,0.001405009178153263,0.869,0.8,0.935
protectai,w8a8pt,0.3044342323500865,0.009162704252449505,0.29262080829253073,0.007809980152981533,0.3450000000000001,0.28500000000000003,0.405
piguard,bf16,0.0016114609205440656,0.0008114467071155762,0.0016114609205440656,0.0008114467071155762,0.502,0.5,0.505
piguard,gptq_w4pc_s0,0.15803904283206682,0.006135176529593615,0.10987039581830198,0.008032153249679281,0.21100000000000002,0.2,0.225
piguard,gptq_w4pc_s1,0.15980247181008383,0.006097392352270889,0.09176230379635784,0.0037367734155618706,0.231,0.22,0.275
piguard,gptq_w4pc_s2,0.14081748669551672,0.007589391332633985,0.0959644735943193,0.004738948444555642,0.23600000000000004,0.21000000000000002,0.255
piguard,int8dyn,0.307064697591647,0.008325013358259026,0.30413329994410676,0.00830799539482955,0.257,0.24000000000000002,0.265
piguard,int8onnx,0.307064697591647,0.008325013358259026,0.2892157356453452,0.006881457408134068,0.18400000000000002,0.17500000000000002,0.19
piguard,w4g128,0.021754374425576657,0.002320564394587873,0.023510485502364935,0.0015105086068727222,0.483,0.455,0.51
piguard,w4pc,0.055843553343720286,0.004123122060485564,0.056584241553623335,0.002957658926084493,0.558,0.515,0.615
piguard,w8a8,0.031523123433634344,0.0018566261821999143,0.022162636746160345,0.0026889027609929904,0.562,0.53,0.5800000000000001
piguard,w8a8pt,0.307064697591647,0.008325013358259026,0.31006392259721827,0.009019102233376252,0.269,0.24500000000000002,0.28
deepset,gptq_w4pc_s0,0.05401409246974444,0.00370128009109483,0.039169614837224344,0.004526177759788247,0.335,0.29000000000000004,0.35000000000000003
deepset,gptq_w4pc_s1,0.028079945617561726,0.004384344594575825,0.02719969903325619,0.004249063596960364,0.591,0.53,0.61
deepset,gptq_w4pc_s2,0.0350521351237766,0.004029628014537458,0.027035397490279535,0.003987624024508691,0.393,0.36000000000000004,0.42500000000000004
deepset,int8dyn,0.10397843958788813,0.008226991888357429,0.1045402098885582,0.007721565709394264,0.48600000000000004,0.455,0.53
deepset,int8onnx,0.10599690025946051,0.00671466485102848,0.08674136558577197,0.007010271206580795,0.6479999999999999,0.645,0.65
deepset,w4g128,0.01373565151428793,0.0012965129727815347,0.004967810682179058,0.0006605097673088233,0.96,0.9500000000000001,0.97
deepset,w4pc,0.02014815218221079,0.003440819731957972,0.01956936036006771,0.003085971052515879,0.36700000000000005,0.28,0.56
deepset,w8a8,0.018991878207519287,0.0018637548939917097,0.009644571317453592,0.0026294661747485537,0.9730000000000001,0.9500000000000001,0.985
deepset,w8a8pt,0.10686964049920104,0.006908307916342307,0.10658905421949012,0.0073681207883904256,0.10300000000000001,0.01,0.47500000000000003
fmops,awq_w4pc_s0,0.006579436194509199,0.0024855530966151067,0.009356880812847112,0.0018407237008075026,0.549,0.35000000000000003,0.85
fmops,fp32_x86,0.0,0.0,0.0007343912319960809,0.0010417307484902657,0.48600000000000004,0.47500000000000003,0.49
fmops,gptq_w4pc_s0,0.006404902309364267,0.002028787463820217,0.004089649424782097,0.00043123778413283506,0.647,0.5850000000000001,0.7050000000000001
fmops,gptq_w4pc_s1,0.00919394519319125,0.00197967935256257,0.005998498367318893,0.0022157618464914266,0.8059999999999998,0.73,0.845
fmops,gptq_w4pc_s2,0.004963046151644229,0.0018409970180350854,0.004103056730442656,0.002399629925587923,0.6900000000000001,0.48500000000000004,0.75
fmops,int8dyn,0.015352043489418158,0.0029180355100711774,0.014897521065810496,0.0025514320898729313,0.24500000000000002,0.09999999999999999,0.32
fmops,int8dyn_x86,0.01666967541637681,0.0037395184689762834,0.014627567315672016,0.00408683879103158,0.22800000000000004,0.14500000000000002,0.5
fmops,int8onnx,0.005839680758464831,0.0018130500733802004,0.0058403353133211645,0.001890634601216109,0.547,0.27,0.745
fmops,w4g128,0.008740410424785136,0.002233463301829775,0.00816720645041208,0.0028933248184956637,0.7040000000000001,0.53,0.915
fmops,w4pc,0.00832662790337239,0.002025560671336778,0.009631391520045291,0.001724878476755985,0.536,0.36000000000000004,0.7050000000000001
fmops,w8a8,0.003946046229494824,0.0016145933066987164,0.0027771660932733007,0.0009688918073543399,0.356,0.315,0.395
fmops,w8a8pt,0.021017135787457453,0.0020700421695059755,0.014579107698641205,0.0030228010336289936,0.177,0.135,0.275
