model,cfg,baseline,method,fmt,seed,source,auc,f1,f1_lo,f1_hi,tpr,fpr,notinject_fpr,evade_homoglyph,evade_zerowidth,evade_leet,ece,flip_rate,flip_lo,flip_hi,flips,missed,new_fp,fixed_attacks,removed_fp,mean_abs_dp,max_abs_dp,mcnemar_worse,mcnemar_better,mcnemar_p,d_f1,d_auc
protectai,awq_w4pc_s0,fp32,awq,w4pc,0,v2,0.9765934729527496,0.9067077872012336,0.8916565046050015,0.9237224734067069,0.8388017118402282,0.0098159509202454,0.4218289085545723,0.9766666666666667,1.0,0.91,0.07752439984836737,0.03012704174228675,0.023956442831215972,0.036297640653357534,83,18,10,43,12,0.029877373948693275,0.9964393377304077,28,55,0.004039208886669413,0.01746976677703871,-0.0002397976597847684
protectai,bf16,fp32,bf16,bf16,-1,v1,0.977049438575917,0.8883647798742138,0.8705246687697161,0.9059327216252326,0.8059914407988588,0.007361963190184049,0.4365781710914454,0.9633333333333334,1.0,0.9133333333333333,0.09395470158878894,0.0014519056261343012,0.0,0.0029038112522686023,4,2,1,1,0,0.0009153478313237429,0.42658716440200806,3,1,0.625,-0.000873240549981058,0.00021616796338264077
protectai,fp32,fp32,ref,fp32,-1,v2,0.9768332706125343,0.8892380204241949,0.8711681749490918,0.9070094744504157,0.8074179743223966,0.007361963190184049,0.4336283185840708,0.96,1.0,0.9166666666666666,0.09408781165433719,0.0,0.0,0.0,0,0,0,0,0,0.0,0.0,0,0,1.0,0.0,0.0
protectai,fp32_x86,fp32,rtn,fp32_x86,-1,v2,0.9768332706125342,0.8892380204241949,0.8711681749490918,0.9070094744504157,0.8074179743223966,0.007361963190184049,0.4336283185840708,0.96,1.0,0.9166666666666666,0.09408781076156374,0.0,0.0,0.0,0,0,0,0,0,1.3170200929835119e-07,4.297494888305664e-05,0,0,1.0,0.0,-1.1102230246251565e-16
protectai,gptq_w4g128_s0,fp32,gptq,w4g128,0,v2,0.9759782256723524,0.8883647798742138,0.8718845869036285,0.904406464786218,0.8059914407988588,0.007361963190184049,0.44542772861356933,0.9666666666666667,1.0,0.9333333333333333,0.0930005748035008,0.013067150635208712,0.009074410163339383,0.017422867513611617,36,10,7,16,3,0.0136874383315444,0.9731277823448181,17,19,0.8679394004284404,-0.000873240549981058,-0.0008550449401819593
protectai,gptq_w4pc_s0,fp32,gptq,w4pc,0,v2,0.9772901114096427,0.7752613240418118,0.7531188153310104,0.800680901071526,0.6348074179743224,0.00245398773006135,0.23303834808259588,0.8,1.0,0.8333333333333334,0.16450552406412428,0.10163339382940109,0.09000907441016333,0.11361161524500907,280,201,0,7,72,0.09892250597476959,0.9995059370994568,201,79,1.9858372017911766e-13,-0.11397669638238306,0.0004568407971083932
protectai,gptq_w4pc_s1,fp32,gptq,w4pc,1,v2,0.9762679082467641,0.7910576096302665,0.7677929577464788,0.8146165959373912,0.6562054208273894,0.00245398773006135,0.26548672566371684,0.8366666666666667,1.0,0.8166666666666667,0.15564033880554587,0.09001814882032667,0.07912885662431941,0.10163339382940109,248,177,3,4,64,0.08728674054145813,0.999726414680481,180,68,7.331405223876319e-13,-0.09818041079392836,-0.0005653623657702056
protectai,gptq_w4pc_s2,fp32,gptq,w4pc,2,v2,0.9773093652363408,0.7876182287188306,0.7641284619113994,0.8136341376161743,0.6533523537803139,0.0049079754601227,0.24778761061946902,0.83,1.0,0.8566666666666667,0.15588240063071038,0.09001814882032667,0.07912885662431941,0.10163339382940109,248,174,0,9,65,0.08304326236248016,0.9993954300880432,174,74,1.853932553232909e-10,-0.10161979170536428,0.0004760946238064889
protectai,int8dyn,fp32,native,int8dyn,-1,v2,0.5420100995072771,0.3937621832358674,0.3593708374958375,0.4291573660714285,0.28815977175463625,0.150920245398773,0.17404129793510326,0.6833333333333333,0.9566666666666667,0.94,0.2569343992472088,0.3005444646098004,0.28457350272232307,0.31616152450090745,828,514,141,61,112,0.36520007252693176,0.9871588945388794,655,173,1.0529304714564085e-66,-0.49547583718832744,-0.43482317110525726
protectai,int8dyn_x86,fp32,rtn,int8dyn_x86,-1,v2,0.5456298189265116,0.4073714839961203,0.3708467655276166,0.443142788791041,0.2995720399429387,0.147239263803681,0.17404129793510326,0.6933333333333334,0.9566666666666667,0.93,0.24923294467119242,0.29727767695099816,0.27985480943738655,0.31470961887477317,819,507,138,62,112,0.3629080057144165,0.9850350022315979,645,174,2.418443760811225e-64,-0.4818665364280746,-0.4312034516860227
protectai,int8dynpc,fp32,native,int8dynpc,-1,v2,0.9628970007789048,0.7462154942119323,0.7192195407221171,0.7699380304459114,0.5977175463623395,0.0036809815950920245,0.40117994100294985,0.7166666666666667,0.99,0.9433333333333334,0.18148801164237152,0.1397459165154265,0.12704174228675136,0.1528130671506352,385,259,34,44,48,0.14522342383861542,0.9997471570968628,293,92,1.533920747504412e-25,-0.14302252621226252,-0.0139362698336295
protectai,int8onnx,fp32,native,int8onnx,-1,v2,0.5050602557258255,0.34475374732334046,0.30798743057585504,0.383702594264849,0.2296718972895863,0.08834355828220859,0.10619469026548672,0.23333333333333334,0.9966666666666667,0.42,0.2939884966008347,0.3818511796733212,0.3647912885662432,0.40000907441016337,1052,805,85,32,130,0.39704301953315735,0.9956070184707642,890,162,3.1530071008592196e-122,-0.5444842731008543,-0.47177301488670886
protectai,int8onnx,onnxfp32,native,int8onnx,-1,v2,0.5050602557258255,0.34475374732334046,0.30798743057585504,0.383702594264849,0.2296718972895863,0.08834355828220859,0.10619469026548672,0.23333333333333334,0.9966666666666667,0.42,0.2939884966008347,0.3818511796733212,0.3647912885662432,0.40000907441016337,1052,805,85,32,130,0.39704301953315735,0.9956070184707642,890,162,3.1530071008592196e-122,-0.5444842731008543,-0.47177301488670875
protectai,int8onnxpc,fp32,native,int8onnxpc,-1,v2,0.9644198034359329,0.7770034843205574,0.7534163155939022,0.8008761987009949,0.6362339514978602,0.001226993865030675,0.3805309734513274,0.64,1.0,0.86,0.16602089688658597,0.13502722323049002,0.12303992740471868,0.14773139745916516,372,262,29,29,52,0.13289505243301392,0.9999967813491821,291,81,6.596778890563657e-29,-0.11223453610363743,-0.012413467176601412
protectai,int8onnxpc,onnxfp32,native,int8onnxpc,-1,v2,0.9644198034359329,0.7770034843205574,0.7534163155939022,0.8008761987009949,0.6362339514978602,0.001226993865030675,0.3805309734513274,0.64,1.0,0.86,0.16602089688658597,0.13502722323049002,0.12303992740471868,0.14773139745916516,372,262,29,29,52,0.13289505243301392,0.9999967813491821,291,81,6.596778890563657e-29,-0.11223453610363743,-0.0124134671766013
protectai,onnxfp32,fp32,ref,onnxfp32,-1,v2,0.9768332706125342,0.8892380204241949,0.8711681749490918,0.9070094744504157,0.8074179743223966,0.007361963190184049,0.4336283185840708,0.96,1.0,0.9166666666666666,0.09408779766699017,0.0,0.0,0.0,0,0,0,0,0,1.1791085796630796e-07,1.9758939743041992e-05,0,0,1.0,0.0,-1.1102230246251565e-16
protectai,w4g128,fp32,rtn,w4g128,-1,v1,0.9759055862352642,0.8944487881157154,0.8783607218434857,0.9120774500747779,0.8159771754636234,0.007361963190184049,0.4424778761061947,0.95,1.0,0.9366666666666666,0.0879439621591909,0.015245009074410164,0.010889292196007259,0.020326678765880218,42,11,7,20,4,0.015302867628633976,0.9853737950325012,18,24,0.44079906734259566,0.0052107676915205126,-0.0009276843772700882
protectai,w4pc,fp32,rtn,w4pc,-1,v1,0.9795008007841558,0.8946135831381733,0.8765823017902814,0.9125862896378604,0.8174037089871612,0.008588957055214725,0.40117994100294985,0.8866666666666667,1.0,0.8866666666666667,0.0855001971871398,0.039201451905626135,0.032304900181488204,0.046823956442831216,108,51,10,27,20,0.039457567036151886,0.9931653738021851,61,47,0.21076579397878192,0.005375562713978432,0.0026675301716214683
protectai,w8a8,fp32,w8a8,w8a8,-1,v1,0.9775439118524807,0.9033255993812839,0.8863570435433256,0.919064959065842,0.833095577746077,0.0098159509202454,0.46017699115044247,0.9866666666666667,1.0,0.9566666666666667,0.07995279970611714,0.017785843920145192,0.012704174228675136,0.022867513611615244,49,0,11,38,0,0.019484343007206917,0.9331774115562439,11,38,0.00014197068519905542,0.014087578957089009,0.0007106412399463524
protectai,w8a8pt,fp32,w8a8pt,w8a8pt,-1,v2,0.5473556619378102,0.39684106614017767,0.3620348753069972,0.4317473540225821,0.2867332382310984,0.1361963190184049,0.168141592920354,0.62,0.9533333333333334,0.9,0.24686556075033692,0.305989110707804,0.2896460980036298,0.3230580762250454,843,542,130,56,115,0.3753080666065216,0.97714763879776,672,171,6.780575530273386e-71,-0.4923969542840172,-0.4294776086747242
piguard,bf16,fp32,bf16,bf16,-1,v2,0.9313828623438908,0.8062142273098937,0.7831785550951398,0.8294795453839222,0.703281027104137,0.03558282208588957,0.11504424778761062,0.18,0.0033333333333333335,0.85,0.13466155308570302,0.0014519056261343012,0.0003629764065335753,0.0029038112522686023,4,1,0,3,0,0.0014235129347071052,0.03232201933860779,1,3,0.625,-0.0009753151737664778,-2.7130392165397588e-05
piguard,fp32,fp32,ref,fp32,-1,v1,0.9314099927360562,0.8071895424836601,0.7832214384931385,0.8296952085722744,0.7047075606276747,0.03558282208588957,0.11504424778761062,0.18,0.0033333333333333335,0.84,0.1346736184476769,0.0,0.0,0.0,0,0,0,0,0,0.0,0.0,0,0,1.0,0.0,0.0
piguard,gptq_w4pc_s0,fp32,gptq,w4pc,0,v2,0.944471088628865,0.7077205882352942,0.6763979334086501,0.7407198190259492,0.5492154065620543,0.00245398773006135,0.06489675516224189,0.006666666666666667,0.0,0.05333333333333334,0.18352319679584225,0.16261343012704174,0.14882032667876588,0.1767785843920145,448,401,0,3,44,0.15074139833450317,0.934197187423706,401,47,4.023616714196394e-71,-0.09946895424836599,0.013061095892808794
piguard,gptq_w4pc_s1,fp32,gptq,w4pc,1,v2,0.9118025957659084,0.6767200754005656,0.6461891501097842,0.7050589904289607,0.5121255349500713,0.001226993865030675,0.05309734513274336,0.0,0.0,0.15333333333333332,0.20584486874365948,0.16225045372050817,0.14882032667876588,0.1764065335753176,447,397,0,1,49,0.15285243093967438,0.9893437623977661,397,50,3.929226685766567e-68,-0.1304694670830946,-0.019607396970147795
piguard,gptq_w4pc_s2,fp32,gptq,w4pc,2,v2,0.9335821744571734,0.6729323308270677,0.6418715131801569,0.7040769067141088,0.5106990014265336,0.006134969325153374,0.06489675516224189,0.06666666666666667,0.0,0.22666666666666666,0.19915147115891715,0.14591651542649728,0.13284936479128856,0.15970961887477314,402,358,0,3,41,0.14339932799339294,0.9865139126777649,358,44,2.779045647755544e-62,-0.13425721165659243,0.0021721817211172167
piguard,int8dyn,fp32,native,int8dyn,-1,v2,0.5397136430865634,0.0,0.0,0.0,0.0,0.0,0.0,0.0,0.0,0.0,0.3467414503066867,0.31542649727767696,0.2969147005444646,0.3335753176043557,869,801,0,0,68,0.3131794333457947,0.9506909251213074,801,68,1.0817593603081522e-159,-0.8071895424836601,-0.39169634964949274
piguard,int8onnx,fp32,native,int8onnx,-1,v2,0.5562211739583243,0.0,0.0,0.0,0.0,0.0,0.0,0.0,0.0,0.0,0.37570866868686226,0.31542649727767696,0.2969147005444646,0.3335753176043557,869,801,0,0,68,0.30153605341911316,0.9506698250770569,801,68,1.0817593603081522e-159,-0.8071895424836601,-0.3751888187777319
piguard,int8onnx,onnxfp32,native,int8onnx,-1,v2,0.5562211739583243,0.0,0.0,0.0,0.0,0.0,0.0,0.0,0.0,0.0,0.37570866868686226,0.31542649727767696,0.2969147005444646,0.3335753176043557,869,801,0,0,68,0.3015359938144684,0.9506698250770569,801,68,1.0817593603081522e-159,-0.8071895424836601,-0.3751888187777319
piguard,onnxfp32,fp32,ref,onnxfp32,-1,v2,0.9314099927360562,0.8071895424836601,0.7832214384931385,0.8296952085722744,0.7047075606276747,0.03558282208588957,0.11504424778761062,0.18,0.0033333333333333335,0.84,0.13467358550490527,0.0,0.0,0.0,0,0,0,0,0,1.3780054075596126e-07,4.559755325317383e-06,0,0,1.0,0.0,0.0
piguard,w4g128,fp32,rtn,w4g128,-1,v2,0.927872539667259,0.7841191066997518,0.7601159546643418,0.8087568548546179,0.6761768901569187,0.04171779141104295,0.11799410029498525,0.16333333333333333,0.0,0.8733333333333333,0.14198615157418937,0.023956442831215972,0.018874773139745917,0.029764065335753175,66,37,7,21,1,0.024934783577919006,0.542976975440979,44,22,0.00921048969455458,-0.023070435783908327,-0.0035374530687971584
piguard,w4pc,fp32,rtn,w4pc,-1,v1,0.9575916963496495,0.7867219917012448,0.7603272370069329,0.8099631875385959,0.6761768901569187,0.03680981595092025,0.13274336283185842,0.18333333333333332,0.0,0.8566666666666667,0.12373509012423163,0.0573502722323049,0.04900181488203267,0.06533575317604355,158,66,24,51,17,0.07904618978500366,0.9872162342071533,90,68,0.09447453522193171,-0.020467550782415356,0.026181703613593288
piguard,w8a8,fp32,w8a8,w8a8,-1,v2,0.9444430830627587,0.8218298555377207,0.7986867750730727,0.8436589340490798,0.7303851640513552,0.04049079754601227,0.13274336283185842,0.24333333333333335,0.01,0.91,0.11680913233262116,0.030490018148820328,0.024682395644283123,0.037386569872958256,84,3,14,63,4,0.044435132294893265,0.594151496887207,17,67,3.495893514797302e-08,0.01464031305406055,0.013033090326702523
piguard,w8a8pt,fp32,w8a8pt,w8a8pt,-1,v2,0.5491392664292029,0.0,0.0,0.0,0.0,0.0,0.0,0.0,0.0,0.0,0.3453236618927019,0.31542649727767696,0.2969147005444646,0.3335753176043557,869,801,0,0,68,0.3131057918071747,0.9574934840202332,801,68,1.0817593603081522e-159,-0.8071895424836601,-0.3822707263068533
deepset,fp32,fp32,ref,fp32,-1,v1,0.709881588965807,0.6866995073891625,0.6581016751773308,0.7066986357999173,0.9942938659058488,0.7754601226993865,0.7138643067846607,0.9966666666666667,1.0,1.0,0.41524544301044103,0.0,0.0,0.0,0,0,0,0,0,0.0,0.0,0,0,1.0,0.0,0.0
deepset,gptq_w4pc_s0,fp32,gptq,w4pc,0,v2,0.7605007745289376,0.6806640625,0.651851249404044,0.7007756089604803,0.9942938659058488,0.7975460122699386,0.7964601769911505,0.7166666666666667,0.9966666666666667,1.0,0.40454618823481114,0.05335753176043557,0.04500907441016334,0.06206896551724138,147,87,52,2,6,0.09021912515163422,0.8959142565727234,139,8,5.294448923596039e-32,-0.006035444889162522,0.05061918556313061
deepset,gptq_w4pc_s1,fp32,gptq,w4pc,1,v2,0.76554702747171,0.6796494644595911,0.6495314651152463,0.6997650566843067,0.9957203994293866,0.803680981595092,0.8289085545722714,0.9733333333333334,1.0,1.0,0.42246342685299687,0.028312159709618874,0.02250453720508167,0.034482758620689655,78,8,65,2,3,0.04645992070436478,0.9802470803260803,73,5,1.4966458740841218e-16,-0.007050042929571454,0.055665438505903
deepset,gptq_w4pc_s2,fp32,gptq,w4pc,2,v2,0.7188950053823197,0.68033186920449,0.6513057246317965,0.7006413435385791,0.9942938659058488,0.7987730061349694,0.799410029498525,0.9966666666666667,0.8866666666666667,1.0,0.4140575968741505,0.035571687840290384,0.028312159709618874,0.042477313974591646,98,36,54,2,6,0.05001119524240494,0.9726859927177429,90,8,1.0875246615051457e-18,-0.006367638184672564,0.009013416416512654
deepset,int8dyn,fp32,native,int8dyn,-1,v2,0.4030727357062216,0.6363636363636364,0.6094578759196588,0.6584456574488672,0.9985734664764622,0.9803680981595092,0.9734513274336283,1.0,1.0,1.0,0.2595644782943587,0.10127041742286752,0.08929219600725953,0.1136206896551724,279,0,265,4,10,0.3133571147918701,0.7721627354621887,265,14,3.0981336399154867e-61,-0.05033587102552617,-0.3068088532595854
deepset,int8onnx,fp32,native,int8onnx,-1,v2,0.4717432589727208,0.6323861073522778,0.6056403684082522,0.6548358473824313,1.0,1.0,1.0,1.0,1.0,1.0,0.2500974033470204,0.10344827586206896,0.09183303085299456,0.11578947368421053,285,0,280,5,0,0.3136959373950958,0.7417603135108948,280,5,4.9542006777455995e-76,-0.054313400036884674,-0.2381383299930862
deepset,int8onnx,onnxfp32,native,int8onnx,-1,v2,0.4717432589727208,0.6323861073522778,0.6056403684082522,0.6548358473824313,1.0,1.0,1.0,1.0,1.0,1.0,0.2500974033470204,0.10344827586206896,0.09183303085299456,0.11578947368421053,285,0,280,5,0,0.31369590759277344,0.7417603135108948,280,5,4.9542006777455995e-76,-0.054313400036884674,-0.23813920516702708
deepset,onnxfp32,fp32,ref,onnxfp32,-1,v2,0.7098824641397479,0.6866995073891625,0.6581016751773308,0.7066986357999173,0.9942938659058488,0.7754601226993865,0.7138643067846607,0.9966666666666667,1.0,1.0,0.41524545338384483,0.0,0.0,0.0,0,0,0,0,0,4.2902552621626455e-08,8.672475814819336e-06,0,0,1.0,0.0,8.751739408729975e-07
deepset,w4g128,fp32,rtn,w4g128,-1,v1,0.6269859884652076,0.6832844574780058,0.6533404612564122,0.7028175116089808,0.9971469329529244,0.7926380368098159,0.775811209439528,0.9966666666666667,1.0,1.0,0.42390997162289024,0.013430127041742287,0.009437386569872959,0.017785843920145192,37,0,35,2,0,0.013774183578789234,0.9569386839866638,35,2,1.0244548320770264e-08,-0.003415049911156709,-0.08289560050059941
deepset,w4pc,fp32,rtn,w4pc,-1,v1,0.7407979835992403,0.6861966236345581,0.6571975617737259,0.7065035643256427,0.985734664764622,0.7631901840490798,0.7286135693215339,0.9966666666666667,1.0,1.0,0.38728595406829447,0.019963702359346643,0.014882032667876587,0.025045372050816698,55,6,22,0,27,0.03918537497520447,0.9335678219795227,28,27,1.0,-0.0005028837546043885,0.03091639463343332
deepset,w8a8,fp32,w8a8,w8a8,-1,v1,0.691803120870273,0.6809547004383829,0.6513703925556515,0.7009148646501613,0.9971469329529244,0.8012269938650307,0.8053097345132744,1.0,1.0,1.0,0.42997527762443943,0.019963702359346643,0.014882032667876587,0.025771324863883848,55,0,52,3,0,0.021378153935074806,0.9772143959999084,52,3,1.5418777365994174e-12,-0.005744806950779613,-0.01807846809553404
deepset,w8a8pt,fp32,w8a8pt,w8a8pt,-1,v2,0.4065743066434454,0.6341022161917684,0.6073161276218572,0.6563064056939502,1.0,0.992638036809816,0.967551622418879,1.0,1.0,1.0,0.260147351919032,0.10453720508166969,0.09292196007259527,0.11687840290381125,288,0,273,5,10,0.319809228181839,0.7720470428466797,273,15,1.7460871247677563e-62,-0.05259729119739409,-0.3033072823223616
fmops,awq_w4pc_s0,fp32,awq,w4pc,0,v2,0.6102439109773068,0.671583087512291,0.6427448315330138,0.6928913899427647,0.9743223965763196,0.7975460122699386,0.7345132743362832,1.0,0.9866666666666667,1.0,0.4358178550158788,0.006896551724137931,0.003992740471869328,0.010163339382940109,19,2,11,3,3,0.0064489529468119144,0.7053050398826599,13,6,0.1670684814453125,-7.262069195990151e-06,-0.00121736695168162
fmops,fp32,fp32,ref,fp32,-1,v2,0.6114612779289884,0.671590349581487,0.6426424367722787,0.6921711788518744,0.9728958630527818,0.7950920245398773,0.7168141592920354,1.0,0.9866666666666667,1.0,0.434972960701259,0.0,0.0,0.0,0,0,0,0,0,0.0,0.0,0,0,1.0,0.0,0.0
fmops,fp32_x86,fp32,rtn,fp32_x86,-1,v2,0.6114612779289884,0.671590349581487,0.6426424367722787,0.6921711788518744,0.9728958630527818,0.7950920245398773,0.7168141592920354,1.0,0.9866666666666667,1.0,0.43497295811923475,0.0,0.0,0.0,0,0,0,0,0,8.344595414655487e-08,1.0758638381958008e-05,0,0,1.0,0.0,0.0
fmops,gptq_w4pc_s0,fp32,gptq,w4pc,0,v2,0.6085434480102921,0.6728880157170923,0.6438595301545403,0.692737687749412,0.9771754636233951,0.7975460122699386,0.7374631268436578,1.0,0.99,1.0,0.43506668071879323,0.0054446460980036296,0.0029038112522686023,0.008711433756805808,15,0,10,4,1,0.00383040145970881,0.590791642665863,10,5,0.30175781249999994,0.0012976661356053354,-0.0029178299186962686
fmops,gptq_w4pc_s1,fp32,gptq,w4pc,1,v2,0.6047425675853075,0.6719056974459725,0.6425394491754289,0.6918827567306562,0.9757489300998573,0.7987730061349694,0.7551622418879056,1.0,0.9833333333333333,1.0,0.43557647477078565,0.009074410163339383,0.005807622504537205,0.013067150635208712,25,2,18,3,2,0.0070162988267838955,0.5997443199157715,20,5,0.004077315330505371,0.00031534786448550456,-0.006718710343680878
fmops,gptq_w4pc_s2,fp32,gptq,w4pc,2,v2,0.612615632356931,0.6728788621873467,0.6436768600096501,0.6924590775351208,0.978601997146933,0.8,0.7315634218289085,1.0,0.9866666666666667,1.0,0.4373569744264358,0.004718693284936479,0.002177858439201452,0.007622504537205082,13,0,9,4,0,0.004458592738956213,0.5626968145370483,9,4,0.266845703125,0.0012885126058597152,0.0011543544279425388
fmops,int8dyn,fp32,native,int8dyn,-1,v2,0.6485056404960486,0.6725925925925926,0.643360552237973,0.6924792139077853,0.9714693295292439,0.7889570552147239,0.6902654867256637,1.0,0.9766666666666667,1.0,0.4284939514718812,0.012341197822141561,0.008348457350272231,0.016696914700544463,34,7,5,3,19,0.016226928681135178,0.9311781525611877,12,22,0.12144948495551944,0.0010022430111056302,0.03704436256706023
fmops,int8dyn_x86,fp32,rtn,int8dyn_x86,-1,v2,0.653663915703246,0.6729249011857708,0.6436914933362198,0.6929287774024535,0.9714693295292439,0.7877300613496933,0.6784660766961652,1.0,0.9766666666666667,1.0,0.4276521568626441,0.013430127041742287,0.00942831215970962,0.018148820326678767,37,7,4,3,23,0.016290977597236633,0.9248061180114746,11,26,0.020073851919732988,0.0013345516042837513,0.04220263777425759
fmops,int8onnx,fp32,native,int8onnx,-1,v2,0.6353281464691107,0.6725490196078432,0.6431806743834927,0.6926248943042098,0.978601997146933,0.8012269938650307,0.7168141592920354,1.0,0.9866666666666667,1.0,0.43668780660399276,0.0054446460980036296,0.0029038112522686023,0.008348457350272231,15,0,8,4,3,0.006465692538768053,0.7493246793746948,8,7,1.0,0.0009586700263561898,0.02386686854012232
fmops,int8onnx,onnxfp32,native,int8onnx,-1,v2,0.6353281464691107,0.6725490196078432,0.6431806743834927,0.6926248943042098,0.978601997146933,0.8012269938650307,0.7168141592920354,1.0,0.9866666666666667,1.0,0.43668780660399276,0.0054446460980036296,0.0029038112522686023,0.008348457350272231,15,0,8,4,3,0.006465693935751915,0.7493270635604858,8,7,1.0,0.0009586700263561898,0.023864243018299813
fmops,onnxfp32,fp32,ref,onnxfp32,-1,v2,0.6114639034508109,0.671590349581487,0.6426424367722787,0.6921711788518744,0.9728958630527818,0.7950920245398773,0.7168141592920354,1.0,0.9866666666666667,1.0,0.4349729661712433,0.0,0.0,0.0,0,0,0,0,0,4.610907566870992e-08,5.841255187988281e-06,0,0,1.0,0.0,2.62552182250797e-06
fmops,w4g128,fp32,rtn,w4g128,-1,v1,0.6183445209735435,0.6731898238747553,0.6435583053998891,0.6926801611316806,0.9814550641940085,0.803680981595092,0.7345132743362832,1.0,0.9933333333333333,1.0,0.4367376505897938,0.007622504537205082,0.004355716878402904,0.011252268602540834,21,0,13,8,0,0.007145609240978956,0.8112744688987732,13,8,0.38331031799316406,0.0015994742932683437,0.006883243044555121
fmops,w4pc,fp32,rtn,w4pc,-1,v1,0.625099113448798,0.6728880157170923,0.6437004595179973,0.6929644429644429,0.9771754636233951,0.7975460122699386,0.7197640117994101,1.0,0.9866666666666667,1.0,0.43358151190134014,0.007985480943738656,0.005072595281306716,0.011624319419237741,22,0,11,3,8,0.007301311939954758,0.8129513263702393,11,11,1.0,0.0012976661356053354,0.013637835519809571
fmops,w8a8,fp32,w8a8,w8a8,-1,v1,0.6119653781189012,0.6706172839506173,0.6430084762083284,0.6913875731179128,0.9686162624821684,0.7914110429447853,0.7079646017699115,1.0,0.9833333333333333,1.0,0.4365536941198195,0.003629764065335753,0.0014519056261343012,0.006170598911070781,10,4,0,0,6,0.005257089156657457,0.36623841524124146,4,6,0.75390625,-0.0009730656308697405,0.0005041001899127595
fmops,w8a8pt,fp32,w8a8pt,w8a8pt,-1,v2,0.7008988036372229,0.6676602086438153,0.6399751256376824,0.688412852969815,0.9586305278174037,0.7852760736196319,0.6902654867256637,1.0,0.97,0.9966666666666667,0.42781523944402117,0.018511796733212342,0.013784029038112523,0.023956442831215972,51,19,6,3,23,0.022830039262771606,0.9253228902816772,25,26,1.0,-0.0039301409376717444,0.08943752570823449
