model,cfg,src,missed,newfp,n
protectai,bf16,deepset,0,0,116
protectai,bf16,evade_homoglyph,0,0,300
protectai,bf16,evade_leet,1,0,300
protectai,bf16,evade_zerowidth,0,0,300
protectai,bf16,jailbreak_cls,0,0,400
protectai,bf16,notinject,0,1,339
protectai,bf16,safeguard,1,0,1000
protectai,w8a8,deepset,0,0,116
protectai,w8a8,evade_homoglyph,0,0,300
protectai,w8a8,evade_leet,0,0,300
protectai,w8a8,evade_zerowidth,0,0,300
protectai,w8a8,jailbreak_cls,0,0,400
protectai,w8a8,notinject,0,9,339
protectai,w8a8,safeguard,0,2,1000
protectai,w4g128,deepset,1,0,116
protectai,w4g128,evade_homoglyph,3,0,300
protectai,w4g128,evade_leet,2,0,300
protectai,w4g128,evade_zerowidth,0,0,300
protectai,w4g128,jailbreak_cls,2,0,400
protectai,w4g128,notinject,0,7,339
protectai,w4g128,safeguard,3,0,1000
protectai,w4pc,deepset,3,0,116
protectai,w4pc,evade_homoglyph,22,0,300
protectai,w4pc,evade_leet,15,0,300
protectai,w4pc,evade_zerowidth,0,0,300
protectai,w4pc,jailbreak_cls,3,0,400
protectai,w4pc,notinject,0,9,339
protectai,w4pc,safeguard,8,1,1000
piguard,w4pc,deepset,9,0,116
piguard,w4pc,evade_homoglyph,15,0,300
piguard,w4pc,evade_leet,12,0,300
piguard,w4pc,evade_zerowidth,1,0,300
piguard,w4pc,jailbreak_cls,6,4,400
piguard,w4pc,notinject,0,16,339
piguard,w4pc,safeguard,23,4,1000
deepset,w8a8,deepset,0,2,116
deepset,w8a8,evade_homoglyph,0,0,300
deepset,w8a8,evade_leet,0,0,300
deepset,w8a8,evade_zerowidth,0,0,300
deepset,w8a8,jailbreak_cls,0,10,400
deepset,w8a8,notinject,0,31,339
deepset,w8a8,safeguard,0,9,1000
deepset,w4g128,deepset,0,1,116
deepset,w4g128,evade_homoglyph,0,0,300
deepset,w4g128,evade_leet,0,0,300
deepset,w4g128,evade_zerowidth,0,0,300
deepset,w4g128,jailbreak_cls,0,6,400
deepset,w4g128,notinject,0,21,339
deepset,w4g128,safeguard,0,7,1000
deepset,w4pc,deepset,2,1,116
deepset,w4pc,evade_homoglyph,0,0,300
deepset,w4pc,evade_leet,0,0,300
deepset,w4pc,evade_zerowidth,0,0,300
deepset,w4pc,jailbreak_cls,0,1,400
deepset,w4pc,notinject,0,14,339
deepset,w4pc,safeguard,4,6,1000
fmops,w8a8,deepset,0,0,116
fmops,w8a8,evade_homoglyph,0,0,300
fmops,w8a8,evade_leet,0,0,300
fmops,w8a8,evade_zerowidth,1,0,300
fmops,w8a8,jailbreak_cls,0,0,400
fmops,w8a8,notinject,0,0,339
fmops,w8a8,safeguard,3,0,1000
fmops,w4g128,deepset,0,0,116
fmops,w4g128,evade_homoglyph,0,0,300
fmops,w4g128,evade_leet,0,0,300
fmops,w4g128,evade_zerowidth,0,0,300
fmops,w4g128,jailbreak_cls,0,1,400
fmops,w4g128,notinject,0,6,339
fmops,w4g128,safeguard,0,6,1000
fmops,w4pc,deepset,0,0,116
fmops,w4pc,evade_homoglyph,0,0,300
fmops,w4pc,evade_leet,0,0,300
fmops,w4pc,evade_zerowidth,0,0,300
fmops,w4pc,jailbreak_cls,0,2,400
fmops,w4pc,notinject,0,6,339
fmops,w4pc,safeguard,0,3,1000
