model,cfg,auc,f1,tpr,fpr,notinject_fpr,evade_homoglyph_det,evade_zerowidth_det,evade_leet_det,ece,flip_rate,flip_to_benign,flip_to_attack,mean_abs_dp,max_abs_dp,thr_restore
protectai,fp32,0.9768332706125342,0.8892380204241949,0.8074179743223966,0.007361963190184049,0.4336283185840708,0.96,1.0,0.9166666666666666,0.09408781177228834,0.0,0,0,0.0,0.0,0.5
protectai,bf16,0.977049438575917,0.8883647798742138,0.8059914407988588,0.007361963190184049,0.4365781710914454,0.9633333333333334,1.0,0.9133333333333333,0.09395470158878894,0.0014519056261343012,2,1,0.0009153478,0.42658716,0.47000000000000003
protectai,w8a8,0.9775439118524807,0.9033255993812839,0.833095577746077,0.0098159509202454,0.46017699115044247,0.9866666666666667,1.0,0.9566666666666667,0.07995279970611714,0.017785843920145192,0,11,0.019484343,0.9331774,0.9400000000000001
protectai,w4g128,0.9759055862352642,0.8944487881157154,0.8159771754636234,0.007361963190184049,0.4424778761061947,0.95,1.0,0.9366666666666666,0.0879439621591909,0.015245009074410164,11,7,0.015302868,0.9853738,0.77
protectai,w4pc,0.9795008007841558,0.8946135831381733,0.8174037089871612,0.008588957055214725,0.40117994100294985,0.8866666666666667,1.0,0.8866666666666667,0.0855001971871398,0.039201451905626135,51,10,0.039457567,0.9931654,0.91
deepset,fp32,0.709881588965807,0.6866995073891625,0.9942938659058488,0.7754601226993865,0.7138643067846607,0.9966666666666667,1.0,1.0,0.41524544301044103,0.0,0,0,0.0,0.0,0.67
deepset,w8a8,0.691803120870273,0.6809547004383829,0.9971469329529244,0.8012269938650307,0.8053097345132744,1.0,1.0,1.0,0.42997527762443943,0.019963702359346643,0,52,0.021378154,0.9772144,0.97
deepset,w4g128,0.6269859884652076,0.6832844574780058,0.9971469329529244,0.7926380368098159,0.775811209439528,0.9966666666666667,1.0,1.0,0.42390997162289024,0.013430127041742287,0,35,0.013774184,0.9569387,0.9600000000000001
deepset,w4pc,0.7407979835992403,0.6861966236345581,0.985734664764622,0.7631901840490798,0.7286135693215339,0.9966666666666667,1.0,1.0,0.38728595406829447,0.019963702359346643,6,22,0.039185375,0.9335678,0.2
piguard,fp32,0.9314099927360562,0.8071895424836601,0.7047075606276747,0.03558282208588957,0.11504424778761062,0.18,0.0033333333333333335,0.84,0.1346736184476769,0.0,0,0,0.0,0.0,0.5
piguard,w4pc,0.9575916963496495,0.7867219917012448,0.6761768901569187,0.03680981595092025,0.13274336283185842,0.18333333333333332,0.0,0.8566666666666667,0.12373509012423163,0.0573502722323049,66,24,0.07904619,0.98721623,0.4
fmops,fp32,0.6114612779289884,0.671590349581487,0.9728958630527818,0.7950920245398773,0.7168141592920354,1.0,0.9866666666666667,1.0,0.434972960701259,0.0,0,0,0.0,0.0,0.67
fmops,w8a8,0.6119653781189012,0.6706172839506173,0.9686162624821684,0.7914110429447853,0.7079646017699115,1.0,0.9833333333333333,1.0,0.4365536941198195,0.003629764065335753,4,0,0.005257089,0.36623842,0.39
fmops,w4g128,0.6183445209735435,0.6731898238747553,0.9814550641940085,0.803680981595092,0.7345132743362832,1.0,0.9933333333333333,1.0,0.4367376505897938,0.007622504537205082,0,13,0.0071456097,0.81127447,0.92
fmops,w4pc,0.625099113448798,0.6728880157170923,0.9771754636233951,0.7975460122699386,0.7197640117994101,1.0,0.9866666666666667,1.0,0.43358151190134014,0.007985480943738656,0,11,0.007301311,0.8129513,0.66
