model,cfg,mcnemar_b,mcnemar_c,mcnemar_p,flip_lo,flip_hi,t_star,flip_test_05,flip_test_cal
protectai,bf16,3,1,0.625,0.0,0.0029038112522686023,0.46,0.0,0.0007401924500370096
protectai,w8a8,11,38,0.00014197068519905542,0.013067150635208712,0.022867513611615244,0.89,0.01998519615099926,0.011102886750555145
protectai,w4g128,18,24,0.44079906734259566,0.010526315789473684,0.020326678765880218,0.75,0.01628423390081421,0.010362694300518135
protectai,w4pc,61,47,0.21076579397878192,0.031941923774954625,0.046098003629764066,0.03,0.03997039230199852,0.04441154700222058
deepset,w8a8,52,3,1.5418777365994174e-12,0.014882032667876587,0.025408348457350273,0.9500000000000001,0.02146558105107328,0.014063656550703183
deepset,w4g128,35,2,1.0244548320770264e-08,0.009074410163339383,0.017785843920145192,0.9500000000000001,0.015544041450777202,0.0051813471502590676
deepset,w4pc,28,27,1.0,0.015235934664246826,0.025408348457350273,0.34,0.02220577350111029,0.01998519615099926
piguard,w4pc,90,68,0.09447453522193171,0.04971869328493648,0.06606170598911071,0.615,0.05181347150259067,0.05551443375277572
fmops,w8a8,4,6,0.75390625,0.0014519056261343012,0.005807622504537205,0.365,0.0044411547002220575,0.003700962250185048
fmops,w4g128,13,8,0.38331031799316406,0.004718693284936479,0.01089836660617059,0.72,0.009622501850481125,0.006661732050333087
fmops,w4pc,11,11,1.0,0.005081669691470054,0.011252268602540834,0.53,0.009622501850481125,0.009622501850481125
